"Name";"OU";"User";"Computer";"Delegation"
"Default Domain Policy";"EMEA.IPG.CORP";"true";"true";"Domain Admins@GpoCustom|Enterprise Admins@GpoCustom|SYSTEM@GpoEditDeleteModifySecurity|Authenticated Users@GpoApply|ENTERPRISE DOMAIN CONTROLLERS@GpoRead"
"Default Domain Controllers Policy";"EMEA.IPG.CORP/Domain Controllers";"true";"true";"Domain Admins@GpoCustom|Enterprise Admins@GpoCustom|SYSTEM@GpoEditDeleteModifySecurity|Authenticated Users@GpoApply|ENTERPRISE DOMAIN CONTROLLERS@GpoRead"
"IPG_EMEA_SmartCard_DefaultSettings";"EMEA.IPG.CORP/IPGL-BU/Computers/Desktops";"true";"true";"Authenticated Users@GpoApply|Domain Admins@GpoEditDeleteModifySecurity|Enterprise Admins@GpoEditDeleteModifySecurity|ENTERPRISE DOMAIN CONTROLLERS@GpoRead|SYSTEM@GpoEditDeleteModifySecurity"
"IPG_EMEA_SmartCard_DefaultSettings";"EMEA.IPG.CORP/IPGL-BU/Computers/Laptops";"true";"true";"Authenticated Users@GpoApply|Domain Admins@GpoEditDeleteModifySecurity|Enterprise Admins@GpoEditDeleteModifySecurity|ENTERPRISE DOMAIN CONTROLLERS@GpoRead|SYSTEM@GpoEditDeleteModifySecurity"
"IPG_EMEA_SmartCard_DefaultSettings";"EMEA.IPG.CORP/IPGL-BU/Computers/Servers";"true";"true";"Authenticated Users@GpoApply|Domain Admins@GpoEditDeleteModifySecurity|Enterprise Admins@GpoEditDeleteModifySecurity|ENTERPRISE DOMAIN CONTROLLERS@GpoRead|SYSTEM@GpoEditDeleteModifySecurity"
"IPG_EMEA_SmartCard_DefaultSettings";"EMEA.IPG.CORP/IPGRT-MI/Computers/Servers";"true";"true";"Authenticated Users@GpoApply|Domain Admins@GpoEditDeleteModifySecurity|Enterprise Admins@GpoEditDeleteModifySecurity|ENTERPRISE DOMAIN CONTROLLERS@GpoRead|SYSTEM@GpoEditDeleteModifySecurity"
"IPG_EMEA_SmartCard_DefaultSettings";"EMEA.IPG.CORP/EMEA Global Services/Computers";"true";"true";"Authenticated Users@GpoApply|Domain Admins@GpoEditDeleteModifySecurity|Enterprise Admins@GpoEditDeleteModifySecurity|ENTERPRISE DOMAIN CONTROLLERS@GpoRead|SYSTEM@GpoEditDeleteModifySecurity"
"IPG_EMEA_SmartCard_DefaultSettings_Server";"EMEA.IPG.CORP/IPGL-BU/Computers/Servers";"true";"true";"Authenticated Users@GpoApply|Domain Admins@GpoEditDeleteModifySecurity|Enterprise Admins@GpoEditDeleteModifySecurity|ENTERPRISE DOMAIN CONTROLLERS@GpoRead|SYSTEM@GpoEditDeleteModifySecurity"
"IPG_EMEA_SmartCard_DefaultSettings_Server";"EMEA.IPG.CORP/IPGRT-MI/Computers/Servers";"true";"true";"Authenticated Users@GpoApply|Domain Admins@GpoEditDeleteModifySecurity|Enterprise Admins@GpoEditDeleteModifySecurity|ENTERPRISE DOMAIN CONTROLLERS@GpoRead|SYSTEM@GpoEditDeleteModifySecurity"
"IPG_EMEA_SmartCard_DefaultSettings_Server";"EMEA.IPG.CORP/ADMPC";"true";"true";"Authenticated Users@GpoApply|Domain Admins@GpoEditDeleteModifySecurity|Enterprise Admins@GpoEditDeleteModifySecurity|ENTERPRISE DOMAIN CONTROLLERS@GpoRead|SYSTEM@GpoEditDeleteModifySecurity"
"IPG_EMEA_BU_TIER0_LAYER";"EMEA.IPG.CORP/IPGL-BU/Computers/Servers/Teir0";"true";"true";"Authenticated Users@GpoApply|Domain Admins@GpoEditDeleteModifySecurity|Enterprise Admins@GpoEditDeleteModifySecurity|ENTERPRISE DOMAIN CONTROLLERS@GpoRead|SYSTEM@GpoEditDeleteModifySecurity"
"IPG_EMEA_BU_TIER1_LAYER";"EMEA.IPG.CORP/IPGL-BU/Computers/Servers/Tier1";"true";"true";"Authenticated Users@GpoApply|Domain Admins@GpoEditDeleteModifySecurity|Enterprise Admins@GpoEditDeleteModifySecurity|ENTERPRISE DOMAIN CONTROLLERS@GpoRead|SYSTEM@GpoEditDeleteModifySecurity"
"IPG_EMEA_BU_TIER1_LAYER";"EMEA.IPG.CORP/IPGRT-MI/Computers/Servers/Tier1";"true";"true";"Authenticated Users@GpoApply|Domain Admins@GpoEditDeleteModifySecurity|Enterprise Admins@GpoEditDeleteModifySecurity|ENTERPRISE DOMAIN CONTROLLERS@GpoRead|SYSTEM@GpoEditDeleteModifySecurity"
"IPG_EMEA_BU_TIER2_LAYER";"EMEA.IPG.CORP/IPGL-BU/Computers/Servers/Tier2";"true";"true";"Authenticated Users@GpoApply|Domain Admins@GpoEditDeleteModifySecurity|Enterprise Admins@GpoEditDeleteModifySecurity|ENTERPRISE DOMAIN CONTROLLERS@GpoRead|SYSTEM@GpoEditDeleteModifySecurity"
"IPG_EMEA_BU_TIER2_LAYER";"EMEA.IPG.CORP/IPGL-BU/Test Environment/Computers/Servers";"true";"true";"Authenticated Users@GpoApply|Domain Admins@GpoEditDeleteModifySecurity|Enterprise Admins@GpoEditDeleteModifySecurity|ENTERPRISE DOMAIN CONTROLLERS@GpoRead|SYSTEM@GpoEditDeleteModifySecurity"
"IPG_EMEA_BU_TIER3_LAYER";"EMEA.IPG.CORP/IPGL-BU/Computers/Desktops";"true";"true";"DEPCL469$@GpoCustom|Authenticated Users@GpoApply|Enterprise Admins@GpoEditDeleteModifySecurity|Domain Admins@GpoEditDeleteModifySecurity|ENTERPRISE DOMAIN CONTROLLERS@GpoRead|SYSTEM@GpoEditDeleteModifySecurity"
"IPG_EMEA_BU_TIER3_LAYER";"EMEA.IPG.CORP/IPGL-BU/Computers/Laptops";"true";"true";"DEPCL469$@GpoCustom|Authenticated Users@GpoApply|Enterprise Admins@GpoEditDeleteModifySecurity|Domain Admins@GpoEditDeleteModifySecurity|ENTERPRISE DOMAIN CONTROLLERS@GpoRead|SYSTEM@GpoEditDeleteModifySecurity"
"IPG_EMEA_BU_TIER3_LAYER";"EMEA.IPG.CORP/IPGL-BU/Computers/PCV";"true";"true";"DEPCL469$@GpoCustom|Authenticated Users@GpoApply|Enterprise Admins@GpoEditDeleteModifySecurity|Domain Admins@GpoEditDeleteModifySecurity|ENTERPRISE DOMAIN CONTROLLERS@GpoRead|SYSTEM@GpoEditDeleteModifySecurity"
"IPG_EMEA_PKI_Root_CA_Install";"EMEA.IPG.CORP/IPGL-BU/Computers/CyberArk";"false";"true";"Authenticated Users@GpoApply|Domain Admins@GpoEditDeleteModifySecurity|Enterprise Admins@GpoEditDeleteModifySecurity|ENTERPRISE DOMAIN CONTROLLERS@GpoRead|SYSTEM@GpoEditDeleteModifySecurity"
"IPG_EMEA_PKI_Root_CA_Install";"EMEA.IPG.CORP";"false";"true";"Authenticated Users@GpoApply|Domain Admins@GpoEditDeleteModifySecurity|Enterprise Admins@GpoEditDeleteModifySecurity|ENTERPRISE DOMAIN CONTROLLERS@GpoRead|SYSTEM@GpoEditDeleteModifySecurity"
"IPG_EMEA_YubiKey_MiniDriverInstall";"EMEA.IPG.CORP/IPGL-BU/Computers";"false";"false";"Authenticated Users@GpoApply|Domain Admins@GpoEditDeleteModifySecurity|Enterprise Admins@GpoEditDeleteModifySecurity|ENTERPRISE DOMAIN CONTROLLERS@GpoRead|SYSTEM@GpoEditDeleteModifySecurity"
"IPG_EMEA_RDP_PDB_SERVERS";"EMEA.IPG.CORP/IPGL-BU/Computers/Servers/RDP SERVERS";"true";"true";"EMEA.IPG-ServerAdministratorsTier1@GpoRead|Domain Users@GpoApply|Domain Computers@GpoApply|Authenticated Users@GpoApply|Enterprise Admins@GpoEditDeleteModifySecurity|Domain Admins@GpoEditDeleteModifySecurity|ENTERPRISE DOMAIN CONTROLLERS@GpoRead|SYSTEM@GpoEditDeleteModifySecurity"
"IPG_EMEA_RDP_PDB_SERVERS";"EMEA.IPG.CORP/IPGRT-MI/Computers/Servers/RDP SERVERS";"true";"true";"EMEA.IPG-ServerAdministratorsTier1@GpoRead|Domain Users@GpoApply|Domain Computers@GpoApply|Authenticated Users@GpoApply|Enterprise Admins@GpoEditDeleteModifySecurity|Domain Admins@GpoEditDeleteModifySecurity|ENTERPRISE DOMAIN CONTROLLERS@GpoRead|SYSTEM@GpoEditDeleteModifySecurity"
"IPG_EMEA_RDP_SESSION_SETTINGS";"EMEA.IPG.CORP/IPGL-BU/Computers/Servers/RDP SERVERS";"true";"true";"EMEA.IPG-ServerAdministratorsTier1@GpoRead|Domain Users@GpoApply|Domain Computers@GpoApply|Authenticated Users@GpoApply|Enterprise Admins@GpoEditDeleteModifySecurity|Domain Admins@GpoEditDeleteModifySecurity|ENTERPRISE DOMAIN CONTROLLERS@GpoRead|SYSTEM@GpoEditDeleteModifySecurity"
"IPG_EMEA_RDP_SESSION_SETTINGS";"EMEA.IPG.CORP/IPGRT-MI/Computers/Servers/RDP SERVERS";"true";"true";"EMEA.IPG-ServerAdministratorsTier1@GpoRead|Domain Users@GpoApply|Domain Computers@GpoApply|Authenticated Users@GpoApply|Enterprise Admins@GpoEditDeleteModifySecurity|Domain Admins@GpoEditDeleteModifySecurity|ENTERPRISE DOMAIN CONTROLLERS@GpoRead|SYSTEM@GpoEditDeleteModifySecurity"
"IPG_EMEA_SCCM_Client_EUR_Site";"EMEA.IPG.CORP";"true";"true";"Domain Computers@GpoApply|Authenticated Users@GpoApply|Domain Admins@GpoEditDeleteModifySecurity|Enterprise Admins@GpoEditDeleteModifySecurity|ENTERPRISE DOMAIN CONTROLLERS@GpoRead|SYSTEM@GpoEditDeleteModifySecurity"
"IPG_EMEA_LAPS_CONFIG";"EMEA.IPG.CORP/IPGL-BU/Computers";"true";"true";"Authenticated Users@GpoApply|Domain Admins@GpoEditDeleteModifySecurity|Enterprise Admins@GpoEditDeleteModifySecurity|ENTERPRISE DOMAIN CONTROLLERS@GpoRead|SYSTEM@GpoEditDeleteModifySecurity"
"IPG_EMEA_LAPS_CONFIG";"EMEA.IPG.CORP/IPGRT-MI/Computers";"true";"true";"Authenticated Users@GpoApply|Domain Admins@GpoEditDeleteModifySecurity|Enterprise Admins@GpoEditDeleteModifySecurity|ENTERPRISE DOMAIN CONTROLLERS@GpoRead|SYSTEM@GpoEditDeleteModifySecurity"
"IPG_EMEA_LAPS_CONFIG";"EMEA.IPG.CORP/IPGUK-BR/Computers";"true";"true";"Authenticated Users@GpoApply|Domain Admins@GpoEditDeleteModifySecurity|Enterprise Admins@GpoEditDeleteModifySecurity|ENTERPRISE DOMAIN CONTROLLERS@GpoRead|SYSTEM@GpoEditDeleteModifySecurity"
"IPG_EMEA_LAPS_CONFIG";"EMEA.IPG.CORP/IPGSP-BC/Computers";"true";"true";"Authenticated Users@GpoApply|Domain Admins@GpoEditDeleteModifySecurity|Enterprise Admins@GpoEditDeleteModifySecurity|ENTERPRISE DOMAIN CONTROLLERS@GpoRead|SYSTEM@GpoEditDeleteModifySecurity"
"IPG_EMEA_LAPS_CONFIG";"EMEA.IPG.CORP/IPGPL-GL/Computers";"true";"true";"Authenticated Users@GpoApply|Domain Admins@GpoEditDeleteModifySecurity|Enterprise Admins@GpoEditDeleteModifySecurity|ENTERPRISE DOMAIN CONTROLLERS@GpoRead|SYSTEM@GpoEditDeleteModifySecurity"
"IPG_EMEA_LAPS_CONFIG";"EMEA.IPG.CORP/IPGL-AL/Computers";"true";"true";"Authenticated Users@GpoApply|Domain Admins@GpoEditDeleteModifySecurity|Enterprise Admins@GpoEditDeleteModifySecurity|ENTERPRISE DOMAIN CONTROLLERS@GpoRead|SYSTEM@GpoEditDeleteModifySecurity"
"IPG_EMEA_LAPS_CONFIG";"EMEA.IPG.CORP/IPGIT-MI/Computers";"true";"true";"Authenticated Users@GpoApply|Domain Admins@GpoEditDeleteModifySecurity|Enterprise Admins@GpoEditDeleteModifySecurity|ENTERPRISE DOMAIN CONTROLLERS@GpoRead|SYSTEM@GpoEditDeleteModifySecurity"
"IPG_EMEA_LAPS_CONFIG";"EMEA.IPG.CORP/IPGFR-IK/Computers";"true";"true";"Authenticated Users@GpoApply|Domain Admins@GpoEditDeleteModifySecurity|Enterprise Admins@GpoEditDeleteModifySecurity|ENTERPRISE DOMAIN CONTROLLERS@GpoRead|SYSTEM@GpoEditDeleteModifySecurity"
"IPG_EMEA_LAPS_CONFIG";"EMEA.IPG.CORP/IPGEU-IL/Computers";"true";"true";"Authenticated Users@GpoApply|Domain Admins@GpoEditDeleteModifySecurity|Enterprise Admins@GpoEditDeleteModifySecurity|ENTERPRISE DOMAIN CONTROLLERS@GpoRead|SYSTEM@GpoEditDeleteModifySecurity"
"IPG_EMEA_LAPS_CONFIG";"EMEA.IPG.CORP/IPGCZ-PRG/Computers";"true";"true";"Authenticated Users@GpoApply|Domain Admins@GpoEditDeleteModifySecurity|Enterprise Admins@GpoEditDeleteModifySecurity|ENTERPRISE DOMAIN CONTROLLERS@GpoRead|SYSTEM@GpoEditDeleteModifySecurity"
"IPG_EMEA_LAPS_CONFIG";"EMEA.IPG.CORP/IPGL-BU/Test Environment/Computers";"true";"true";"Authenticated Users@GpoApply|Domain Admins@GpoEditDeleteModifySecurity|Enterprise Admins@GpoEditDeleteModifySecurity|ENTERPRISE DOMAIN CONTROLLERS@GpoRead|SYSTEM@GpoEditDeleteModifySecurity"
"IPG_EMEA_LAPS_CLIENT_INSTALL";"EMEA.IPG.CORP/IPGL-BU/Computers";"true";"true";"Authenticated Users@GpoApply|Domain Admins@GpoEditDeleteModifySecurity|Enterprise Admins@GpoEditDeleteModifySecurity|ENTERPRISE DOMAIN CONTROLLERS@GpoRead|SYSTEM@GpoEditDeleteModifySecurity"
"IPG_EMEA_LAPS_CLIENT_INSTALL";"EMEA.IPG.CORP/IPGRT-MI/Computers";"true";"true";"Authenticated Users@GpoApply|Domain Admins@GpoEditDeleteModifySecurity|Enterprise Admins@GpoEditDeleteModifySecurity|ENTERPRISE DOMAIN CONTROLLERS@GpoRead|SYSTEM@GpoEditDeleteModifySecurity"
"IPG_EMEA_LAPS_CLIENT_INSTALL";"EMEA.IPG.CORP/IPGUK-BR/Computers";"true";"true";"Authenticated Users@GpoApply|Domain Admins@GpoEditDeleteModifySecurity|Enterprise Admins@GpoEditDeleteModifySecurity|ENTERPRISE DOMAIN CONTROLLERS@GpoRead|SYSTEM@GpoEditDeleteModifySecurity"
"IPG_EMEA_LAPS_CLIENT_INSTALL";"EMEA.IPG.CORP/IPGSP-BC/Computers";"true";"true";"Authenticated Users@GpoApply|Domain Admins@GpoEditDeleteModifySecurity|Enterprise Admins@GpoEditDeleteModifySecurity|ENTERPRISE DOMAIN CONTROLLERS@GpoRead|SYSTEM@GpoEditDeleteModifySecurity"
"IPG_EMEA_LAPS_CLIENT_INSTALL";"EMEA.IPG.CORP/IPGPL-GL/Computers";"true";"true";"Authenticated Users@GpoApply|Domain Admins@GpoEditDeleteModifySecurity|Enterprise Admins@GpoEditDeleteModifySecurity|ENTERPRISE DOMAIN CONTROLLERS@GpoRead|SYSTEM@GpoEditDeleteModifySecurity"
"IPG_EMEA_LAPS_CLIENT_INSTALL";"EMEA.IPG.CORP/IPGL-AL/Computers";"true";"true";"Authenticated Users@GpoApply|Domain Admins@GpoEditDeleteModifySecurity|Enterprise Admins@GpoEditDeleteModifySecurity|ENTERPRISE DOMAIN CONTROLLERS@GpoRead|SYSTEM@GpoEditDeleteModifySecurity"
"IPG_EMEA_LAPS_CLIENT_INSTALL";"EMEA.IPG.CORP/IPGIT-MI/Computers";"true";"true";"Authenticated Users@GpoApply|Domain Admins@GpoEditDeleteModifySecurity|Enterprise Admins@GpoEditDeleteModifySecurity|ENTERPRISE DOMAIN CONTROLLERS@GpoRead|SYSTEM@GpoEditDeleteModifySecurity"
"IPG_EMEA_LAPS_CLIENT_INSTALL";"EMEA.IPG.CORP/IPGFR-IK/Computers";"true";"true";"Authenticated Users@GpoApply|Domain Admins@GpoEditDeleteModifySecurity|Enterprise Admins@GpoEditDeleteModifySecurity|ENTERPRISE DOMAIN CONTROLLERS@GpoRead|SYSTEM@GpoEditDeleteModifySecurity"
"IPG_EMEA_LAPS_CLIENT_INSTALL";"EMEA.IPG.CORP/IPGEU-IL/Computers";"true";"true";"Authenticated Users@GpoApply|Domain Admins@GpoEditDeleteModifySecurity|Enterprise Admins@GpoEditDeleteModifySecurity|ENTERPRISE DOMAIN CONTROLLERS@GpoRead|SYSTEM@GpoEditDeleteModifySecurity"
"IPG_EMEA_LAPS_CLIENT_INSTALL";"EMEA.IPG.CORP/IPGCZ-PRG/Computers";"true";"true";"Authenticated Users@GpoApply|Domain Admins@GpoEditDeleteModifySecurity|Enterprise Admins@GpoEditDeleteModifySecurity|ENTERPRISE DOMAIN CONTROLLERS@GpoRead|SYSTEM@GpoEditDeleteModifySecurity"
"IPG_EMEA_LAPS_CLIENT_INSTALL";"EMEA.IPG.CORP/IPGL-BU/Test Environment/Computers";"true";"true";"Authenticated Users@GpoApply|Domain Admins@GpoEditDeleteModifySecurity|Enterprise Admins@GpoEditDeleteModifySecurity|ENTERPRISE DOMAIN CONTROLLERS@GpoRead|SYSTEM@GpoEditDeleteModifySecurity"
"ADSecurityAudit";"EMEA.IPG.CORP/Domain Controllers";"true";"true";"Authenticated Users@GpoApply|Domain Admins@GpoEditDeleteModifySecurity|Enterprise Admins@GpoEditDeleteModifySecurity|ENTERPRISE DOMAIN CONTROLLERS@GpoRead|SYSTEM@GpoEditDeleteModifySecurity"
"IPG_EMEA_PDBclientBY";"EMEA.IPG.CORP/ADMPC";"false";"false";"Authenticated Users@GpoApply|Domain Admins@GpoEditDeleteModifySecurity|Enterprise Admins@GpoEditDeleteModifySecurity|ENTERPRISE DOMAIN CONTROLLERS@GpoRead|SYSTEM@GpoEditDeleteModifySecurity"
"IPG_EMEA_PDBclientBY";"EMEA.IPG.CORP/IPGRT-MI/Computers/Servers/RDP SERVERS";"false";"false";"Authenticated Users@GpoApply|Domain Admins@GpoEditDeleteModifySecurity|Enterprise Admins@GpoEditDeleteModifySecurity|ENTERPRISE DOMAIN CONTROLLERS@GpoRead|SYSTEM@GpoEditDeleteModifySecurity"
"IPG_EMEA_PDBclientBY";"EMEA.IPG.CORP/IPGRT-MI/Computers/Desktops";"false";"false";"Authenticated Users@GpoApply|Domain Admins@GpoEditDeleteModifySecurity|Enterprise Admins@GpoEditDeleteModifySecurity|ENTERPRISE DOMAIN CONTROLLERS@GpoRead|SYSTEM@GpoEditDeleteModifySecurity"
"IPG_EMEA_PDBclientBY";"EMEA.IPG.CORP/IPGRT-MI/Computers/Laptops";"false";"false";"Authenticated Users@GpoApply|Domain Admins@GpoEditDeleteModifySecurity|Enterprise Admins@GpoEditDeleteModifySecurity|ENTERPRISE DOMAIN CONTROLLERS@GpoRead|SYSTEM@GpoEditDeleteModifySecurity"
"IPG_EMEA_IPGRT_TIER1_LAYER";"EMEA.IPG.CORP/IPGRT-MI/Computers/Servers/Tier1";"true";"true";"Authenticated Users@GpoApply|Domain Admins@GpoEditDeleteModifySecurity|Enterprise Admins@GpoEditDeleteModifySecurity|ENTERPRISE DOMAIN CONTROLLERS@GpoRead|SYSTEM@GpoEditDeleteModifySecurity"
"IPG_EMEA_CyberArk";"EMEA.IPG.CORP/IPGL-BU/Computers/CyberArk";"true";"true";"Authenticated Users@GpoApply|Domain Admins@GpoEditDeleteModifySecurity|Enterprise Admins@GpoEditDeleteModifySecurity|ENTERPRISE DOMAIN CONTROLLERS@GpoRead|SYSTEM@GpoEditDeleteModifySecurity"
"IPG_EMEA_CyberArk_PSM";"EMEA.IPG.CORP/IPGL-BU/Computers/CyberArk2";"false";"true";"Authenticated Users@GpoApply|Domain Admins@GpoEditDeleteModifySecurity|Enterprise Admins@GpoEditDeleteModifySecurity|ENTERPRISE DOMAIN CONTROLLERS@GpoRead|SYSTEM@GpoEditDeleteModifySecurity"
"IPG_EMEA_PRT_POINTandPOINT_SETTINGS";"EMEA.IPG.CORP";"true";"true";"Authenticated Users@GpoApply|Domain Admins@GpoEditDeleteModifySecurity|Enterprise Admins@GpoEditDeleteModifySecurity|ENTERPRISE DOMAIN CONTROLLERS@GpoRead|SYSTEM@GpoEditDeleteModifySecurity"
"Mig_IPGL_PDB_Cient_BU_AL";"EMEA.IPG.CORP/IPGL-AL/Computers/Laptops";"false";"false";"Domain Computers@GpoApply|Authenticated Users@GpoApply|Domain Admins@GpoEditDeleteModifySecurity|Enterprise Admins@GpoEditDeleteModifySecurity|ENTERPRISE DOMAIN CONTROLLERS@GpoRead|SYSTEM@GpoEditDeleteModifySecurity"
"Mig_IPGL_PDB_Cient_BU_AL";"EMEA.IPG.CORP/IPGL-AL/Computers/Desktops";"false";"false";"Domain Computers@GpoApply|Authenticated Users@GpoApply|Domain Admins@GpoEditDeleteModifySecurity|Enterprise Admins@GpoEditDeleteModifySecurity|ENTERPRISE DOMAIN CONTROLLERS@GpoRead|SYSTEM@GpoEditDeleteModifySecurity"
"Mig_Italy Data Drive Mapping";"EMEA.IPG.CORP/IPGIT-MI";"false";"false";"Authenticated Users@GpoApply|Domain Admins@GpoEditDeleteModifySecurity|Enterprise Admins@GpoEditDeleteModifySecurity|ENTERPRISE DOMAIN CONTROLLERS@GpoRead|SYSTEM@GpoEditDeleteModifySecurity"
"IPG_EMEA_AL_WorkFolder_FS01_and_Printers_and_Drives";"EMEA.IPG.CORP/IPGL-AL/Users/Enabled";"true";"true";"Authenticated Users@GpoApply|Domain Admins@GpoEditDeleteModifySecurity|Enterprise Admins@GpoEditDeleteModifySecurity|ENTERPRISE DOMAIN CONTROLLERS@GpoRead|SYSTEM@GpoEditDeleteModifySecurity"
"IPG_EMEA_AL_WorkFolder_FS01_and_Printers_and_Drives";"EMEA.IPG.CORP/IPGL-AL/Computers";"true";"true";"Authenticated Users@GpoApply|Domain Admins@GpoEditDeleteModifySecurity|Enterprise Admins@GpoEditDeleteModifySecurity|ENTERPRISE DOMAIN CONTROLLERS@GpoRead|SYSTEM@GpoEditDeleteModifySecurity"
"Mig_IPGL_PRINTERS_PLA";"EMEA.IPG.CORP/IPGL-BU/Computers/Laptops/PLA";"false";"false";"Authenticated Users@GpoApply|Domain Admins@GpoEditDeleteModifySecurity|Enterprise Admins@GpoEditDeleteModifySecurity|ENTERPRISE DOMAIN CONTROLLERS@GpoRead|SYSTEM@GpoEditDeleteModifySecurity"
"Mig_IPGL_PRINTERS_PLA";"EMEA.IPG.CORP/IPGL-BU/Computers/Desktops/PLA";"false";"false";"Authenticated Users@GpoApply|Domain Admins@GpoEditDeleteModifySecurity|Enterprise Admins@GpoEditDeleteModifySecurity|ENTERPRISE DOMAIN CONTROLLERS@GpoRead|SYSTEM@GpoEditDeleteModifySecurity"
"Mig_IPGL_PRINTERS_LDM";"EMEA.IPG.CORP/IPGL-BU/Computers/Laptops/LDM";"false";"false";"Authenticated Users@GpoApply|Domain Admins@GpoEditDeleteModifySecurity|Enterprise Admins@GpoEditDeleteModifySecurity|ENTERPRISE DOMAIN CONTROLLERS@GpoRead|SYSTEM@GpoEditDeleteModifySecurity"
"Mig_IPGL_PRINTERS_LDM";"EMEA.IPG.CORP/IPGL-BU/Computers/Desktops/LDM";"false";"false";"Authenticated Users@GpoApply|Domain Admins@GpoEditDeleteModifySecurity|Enterprise Admins@GpoEditDeleteModifySecurity|ENTERPRISE DOMAIN CONTROLLERS@GpoRead|SYSTEM@GpoEditDeleteModifySecurity"
"Mig_IPGL_Printers_IT";"EMEA.IPG.CORP/IPGL-BU/Computers/Laptops/IT";"false";"false";"Authenticated Users@GpoApply|Domain Admins@GpoEditDeleteModifySecurity|Enterprise Admins@GpoEditDeleteModifySecurity|ENTERPRISE DOMAIN CONTROLLERS@GpoRead|SYSTEM@GpoEditDeleteModifySecurity"
"Mig_IPGL_Printers_IT";"EMEA.IPG.CORP/IPGL-BU/Computers/Desktops/IT";"false";"false";"Authenticated Users@GpoApply|Domain Admins@GpoEditDeleteModifySecurity|Enterprise Admins@GpoEditDeleteModifySecurity|ENTERPRISE DOMAIN CONTROLLERS@GpoRead|SYSTEM@GpoEditDeleteModifySecurity"
"Mig_IPGRT_MI_WorkFolder_FS01_Printers_Drives";"EMEA.IPG.CORP/IPGRT-MI/Computers";"false";"false";"Authenticated Users@GpoApply|Domain Admins@GpoEditDeleteModifySecurity|Enterprise Admins@GpoEditDeleteModifySecurity|ENTERPRISE DOMAIN CONTROLLERS@GpoRead|SYSTEM@GpoEditDeleteModifySecurity"
"Mig_IPGL_XEROX_DRIVERS";"EMEA.IPG.CORP/IPGL-BU/Computers/Desktops";"false";"false";"Authenticated Users@GpoApply|Domain Admins@GpoEditDeleteModifySecurity|Enterprise Admins@GpoEditDeleteModifySecurity|ENTERPRISE DOMAIN CONTROLLERS@GpoRead|SYSTEM@GpoEditDeleteModifySecurity"
"Mig_IPGL_XEROX_DRIVERS";"EMEA.IPG.CORP/IPGL-BU/Computers/Laptops";"false";"false";"Authenticated Users@GpoApply|Domain Admins@GpoEditDeleteModifySecurity|Enterprise Admins@GpoEditDeleteModifySecurity|ENTERPRISE DOMAIN CONTROLLERS@GpoRead|SYSTEM@GpoEditDeleteModifySecurity"
"Mig_IPGL_TEST_FONT_VBS";"EMEA.IPG.CORP/IPGL-BU/Computers";"false";"false";"Authenticated Users@GpoApply|Domain Admins@GpoEditDeleteModifySecurity|Enterprise Admins@GpoEditDeleteModifySecurity|ENTERPRISE DOMAIN CONTROLLERS@GpoRead|SYSTEM@GpoEditDeleteModifySecurity"
"Mig_IPGL_LogOff_Disabled";"EMEA.IPG.CORP/IPGL-BU/Users/Special";"false";"false";"Authenticated Users@GpoApply|Domain Admins@GpoEditDeleteModifySecurity|Enterprise Admins@GpoEditDeleteModifySecurity|ENTERPRISE DOMAIN CONTROLLERS@GpoRead|SYSTEM@GpoEditDeleteModifySecurity"
"Mig_IPGL_LogOff_Disabled";"EMEA.IPG.CORP/IPGL-BU/Computers/Desktops/YLA-BrunTestPC";"false";"false";"Authenticated Users@GpoApply|Domain Admins@GpoEditDeleteModifySecurity|Enterprise Admins@GpoEditDeleteModifySecurity|ENTERPRISE DOMAIN CONTROLLERS@GpoRead|SYSTEM@GpoEditDeleteModifySecurity"
"Mig_IPGL_LogOff_Disabled";"EMEA.IPG.CORP/IPGL-BU/Computers/Desktops/KIOSK PC";"false";"false";"Authenticated Users@GpoApply|Domain Admins@GpoEditDeleteModifySecurity|Enterprise Admins@GpoEditDeleteModifySecurity|ENTERPRISE DOMAIN CONTROLLERS@GpoRead|SYSTEM@GpoEditDeleteModifySecurity"
"Mig_IPGL_LogOff_Disabled";"EMEA.IPG.CORP/IPGL-BU/Computers/Desktops/FP-POD-PC";"false";"false";"Authenticated Users@GpoApply|Domain Admins@GpoEditDeleteModifySecurity|Enterprise Admins@GpoEditDeleteModifySecurity|ENTERPRISE DOMAIN CONTROLLERS@GpoRead|SYSTEM@GpoEditDeleteModifySecurity"
"Mig_IPGL_LogOff_Disabled";"EMEA.IPG.CORP/IPGL-BU/Computers/Desktops/R&D-AL/Production PC";"false";"false";"Authenticated Users@GpoApply|Domain Admins@GpoEditDeleteModifySecurity|Enterprise Admins@GpoEditDeleteModifySecurity|ENTERPRISE DOMAIN CONTROLLERS@GpoRead|SYSTEM@GpoEditDeleteModifySecurity"
"Mig_IPGL_LogOff_Disabled";"EMEA.IPG.CORP/IPGL-BU/Computers/Desktops/BOC/Production";"false";"false";"Authenticated Users@GpoApply|Domain Admins@GpoEditDeleteModifySecurity|Enterprise Admins@GpoEditDeleteModifySecurity|ENTERPRISE DOMAIN CONTROLLERS@GpoRead|SYSTEM@GpoEditDeleteModifySecurity"
"Mig_IPGL_TEST_Kiosk_LOCK";"EMEA.IPG.CORP/IPGL-BU/Users/Special/Kiosk Mode";"false";"false";"Authenticated Users@GpoApply|Domain Admins@GpoEditDeleteModifySecurity|Enterprise Admins@GpoEditDeleteModifySecurity|ENTERPRISE DOMAIN CONTROLLERS@GpoRead|SYSTEM@GpoEditDeleteModifySecurity"
"Mig_Splunk_Policies";"EMEA.IPG.CORP/Domain Controllers";"false";"false";"Authenticated Users@GpoApply|Domain Admins@GpoEditDeleteModifySecurity|Enterprise Admins@GpoEditDeleteModifySecurity|ENTERPRISE DOMAIN CONTROLLERS@GpoRead|SYSTEM@GpoEditDeleteModifySecurity"
"IPG_EMEA_BU_Wireless Policy";"EMEA.IPG.CORP/IPGL-BU/Computers/Laptops";"true";"true";"Authenticated Users@GpoApply|Domain Admins@GpoEditDeleteModifySecurity|Enterprise Admins@GpoEditDeleteModifySecurity|ENTERPRISE DOMAIN CONTROLLERS@GpoRead|SYSTEM@GpoEditDeleteModifySecurity"
"IPG_EMEA_LogonInfo_ComputerDescription_and_Attribute";"EMEA.IPG.CORP/IPGL-BU/Computers/Desktops";"true";"true";"Authenticated Users@GpoApply|Domain Admins@GpoEditDeleteModifySecurity|Enterprise Admins@GpoEditDeleteModifySecurity|ENTERPRISE DOMAIN CONTROLLERS@GpoRead|SYSTEM@GpoEditDeleteModifySecurity"
"IPG_EMEA_LogonInfo_ComputerDescription_and_Attribute";"EMEA.IPG.CORP/IPGL-BU/Computers/Laptops";"true";"true";"Authenticated Users@GpoApply|Domain Admins@GpoEditDeleteModifySecurity|Enterprise Admins@GpoEditDeleteModifySecurity|ENTERPRISE DOMAIN CONTROLLERS@GpoRead|SYSTEM@GpoEditDeleteModifySecurity"
"IPG_EMEA_LogonInfo_ComputerDescription_and_Attribute";"EMEA.IPG.CORP/IPGRT-MI/Computers";"true";"true";"Authenticated Users@GpoApply|Domain Admins@GpoEditDeleteModifySecurity|Enterprise Admins@GpoEditDeleteModifySecurity|ENTERPRISE DOMAIN CONTROLLERS@GpoRead|SYSTEM@GpoEditDeleteModifySecurity"
"IPG_EMEA_LogonInfo_ComputerDescription_and_Attribute";"EMEA.IPG.CORP/IPGUK-BR/Computers";"true";"true";"Authenticated Users@GpoApply|Domain Admins@GpoEditDeleteModifySecurity|Enterprise Admins@GpoEditDeleteModifySecurity|ENTERPRISE DOMAIN CONTROLLERS@GpoRead|SYSTEM@GpoEditDeleteModifySecurity"
"IPG_EMEA_LogonInfo_ComputerDescription_and_Attribute";"EMEA.IPG.CORP/IPGSP-BC/Computers";"true";"true";"Authenticated Users@GpoApply|Domain Admins@GpoEditDeleteModifySecurity|Enterprise Admins@GpoEditDeleteModifySecurity|ENTERPRISE DOMAIN CONTROLLERS@GpoRead|SYSTEM@GpoEditDeleteModifySecurity"
"IPG_EMEA_LogonInfo_ComputerDescription_and_Attribute";"EMEA.IPG.CORP/IPGPL-GL/Computers";"true";"true";"Authenticated Users@GpoApply|Domain Admins@GpoEditDeleteModifySecurity|Enterprise Admins@GpoEditDeleteModifySecurity|ENTERPRISE DOMAIN CONTROLLERS@GpoRead|SYSTEM@GpoEditDeleteModifySecurity"
"IPG_EMEA_LogonInfo_ComputerDescription_and_Attribute";"EMEA.IPG.CORP/IPGL-AL/Computers";"true";"true";"Authenticated Users@GpoApply|Domain Admins@GpoEditDeleteModifySecurity|Enterprise Admins@GpoEditDeleteModifySecurity|ENTERPRISE DOMAIN CONTROLLERS@GpoRead|SYSTEM@GpoEditDeleteModifySecurity"
"IPG_EMEA_LogonInfo_ComputerDescription_and_Attribute";"EMEA.IPG.CORP/IPGIT-MI/Computers";"true";"true";"Authenticated Users@GpoApply|Domain Admins@GpoEditDeleteModifySecurity|Enterprise Admins@GpoEditDeleteModifySecurity|ENTERPRISE DOMAIN CONTROLLERS@GpoRead|SYSTEM@GpoEditDeleteModifySecurity"
"IPG_EMEA_LogonInfo_ComputerDescription_and_Attribute";"EMEA.IPG.CORP/IPGFR-IK/Computers";"true";"true";"Authenticated Users@GpoApply|Domain Admins@GpoEditDeleteModifySecurity|Enterprise Admins@GpoEditDeleteModifySecurity|ENTERPRISE DOMAIN CONTROLLERS@GpoRead|SYSTEM@GpoEditDeleteModifySecurity"
"IPG_EMEA_LogonInfo_ComputerDescription_and_Attribute";"EMEA.IPG.CORP/IPGEU-IL/Computers";"true";"true";"Authenticated Users@GpoApply|Domain Admins@GpoEditDeleteModifySecurity|Enterprise Admins@GpoEditDeleteModifySecurity|ENTERPRISE DOMAIN CONTROLLERS@GpoRead|SYSTEM@GpoEditDeleteModifySecurity"
"IPG_EMEA_LogonInfo_ComputerDescription_and_Attribute";"EMEA.IPG.CORP/IPGCZ-PRG/Computers";"true";"true";"Authenticated Users@GpoApply|Domain Admins@GpoEditDeleteModifySecurity|Enterprise Admins@GpoEditDeleteModifySecurity|ENTERPRISE DOMAIN CONTROLLERS@GpoRead|SYSTEM@GpoEditDeleteModifySecurity"
"IPG_EMEA_LogonInfo_ComputerDescription_and_Attribute";"EMEA.IPG.CORP/IPGL-BU/Computers/PCV";"true";"true";"Authenticated Users@GpoApply|Domain Admins@GpoEditDeleteModifySecurity|Enterprise Admins@GpoEditDeleteModifySecurity|ENTERPRISE DOMAIN CONTROLLERS@GpoRead|SYSTEM@GpoEditDeleteModifySecurity"
"Mig_IPGP-OktaIntranetRegistryEntry";"EMEA.IPG.CORP";"false";"false";"Authenticated Users@GpoApply|Domain Admins@GpoEditDeleteModifySecurity|Enterprise Admins@GpoEditDeleteModifySecurity|ENTERPRISE DOMAIN CONTROLLERS@GpoRead|SYSTEM@GpoEditDeleteModifySecurity"
"Mig_Default Computers and Laptops policy";"EMEA.IPG.CORP/IPGL-BU/Computers/Desktops";"false";"false";"Authenticated Users@GpoApply|Domain Admins@GpoEditDeleteModifySecurity|Enterprise Admins@GpoEditDeleteModifySecurity|ENTERPRISE DOMAIN CONTROLLERS@GpoRead|SYSTEM@GpoEditDeleteModifySecurity"
"Mig_Default Computers and Laptops policy";"EMEA.IPG.CORP/IPGL-BU/Computers/Laptops";"false";"false";"Authenticated Users@GpoApply|Domain Admins@GpoEditDeleteModifySecurity|Enterprise Admins@GpoEditDeleteModifySecurity|ENTERPRISE DOMAIN CONTROLLERS@GpoRead|SYSTEM@GpoEditDeleteModifySecurity"
"Mig_Default Computers and Laptops policy";"EMEA.IPG.CORP/IPGUK-BR/Computers/Desktops";"false";"false";"Authenticated Users@GpoApply|Domain Admins@GpoEditDeleteModifySecurity|Enterprise Admins@GpoEditDeleteModifySecurity|ENTERPRISE DOMAIN CONTROLLERS@GpoRead|SYSTEM@GpoEditDeleteModifySecurity"
"Mig_Default Computers and Laptops policy";"EMEA.IPG.CORP/IPGUK-BR/Computers/Laptops";"false";"false";"Authenticated Users@GpoApply|Domain Admins@GpoEditDeleteModifySecurity|Enterprise Admins@GpoEditDeleteModifySecurity|ENTERPRISE DOMAIN CONTROLLERS@GpoRead|SYSTEM@GpoEditDeleteModifySecurity"
"Mig_Default Computers and Laptops policy";"EMEA.IPG.CORP/IPGSP-BC/Computers/Desktops";"false";"false";"Authenticated Users@GpoApply|Domain Admins@GpoEditDeleteModifySecurity|Enterprise Admins@GpoEditDeleteModifySecurity|ENTERPRISE DOMAIN CONTROLLERS@GpoRead|SYSTEM@GpoEditDeleteModifySecurity"
"Mig_Default Computers and Laptops policy";"EMEA.IPG.CORP/IPGSP-BC/Computers/Laptops";"false";"false";"Authenticated Users@GpoApply|Domain Admins@GpoEditDeleteModifySecurity|Enterprise Admins@GpoEditDeleteModifySecurity|ENTERPRISE DOMAIN CONTROLLERS@GpoRead|SYSTEM@GpoEditDeleteModifySecurity"
"Mig_Default Computers and Laptops policy";"EMEA.IPG.CORP/IPGRT-MI/Computers/Desktops";"false";"false";"Authenticated Users@GpoApply|Domain Admins@GpoEditDeleteModifySecurity|Enterprise Admins@GpoEditDeleteModifySecurity|ENTERPRISE DOMAIN CONTROLLERS@GpoRead|SYSTEM@GpoEditDeleteModifySecurity"
"Mig_Default Computers and Laptops policy";"EMEA.IPG.CORP/IPGRT-MI/Computers/Laptops";"false";"false";"Authenticated Users@GpoApply|Domain Admins@GpoEditDeleteModifySecurity|Enterprise Admins@GpoEditDeleteModifySecurity|ENTERPRISE DOMAIN CONTROLLERS@GpoRead|SYSTEM@GpoEditDeleteModifySecurity"
"Mig_Default Computers and Laptops policy";"EMEA.IPG.CORP/IPGPL-GL/Computers/Laptops";"false";"false";"Authenticated Users@GpoApply|Domain Admins@GpoEditDeleteModifySecurity|Enterprise Admins@GpoEditDeleteModifySecurity|ENTERPRISE DOMAIN CONTROLLERS@GpoRead|SYSTEM@GpoEditDeleteModifySecurity"
"Mig_Default Computers and Laptops policy";"EMEA.IPG.CORP/IPGPL-GL/Computers/Desktops";"false";"false";"Authenticated Users@GpoApply|Domain Admins@GpoEditDeleteModifySecurity|Enterprise Admins@GpoEditDeleteModifySecurity|ENTERPRISE DOMAIN CONTROLLERS@GpoRead|SYSTEM@GpoEditDeleteModifySecurity"
"Mig_Default Computers and Laptops policy";"EMEA.IPG.CORP/IPGL-AL/Computers/Laptops";"false";"false";"Authenticated Users@GpoApply|Domain Admins@GpoEditDeleteModifySecurity|Enterprise Admins@GpoEditDeleteModifySecurity|ENTERPRISE DOMAIN CONTROLLERS@GpoRead|SYSTEM@GpoEditDeleteModifySecurity"
"Mig_Default Computers and Laptops policy";"EMEA.IPG.CORP/IPGL-AL/Computers/Desktops";"false";"false";"Authenticated Users@GpoApply|Domain Admins@GpoEditDeleteModifySecurity|Enterprise Admins@GpoEditDeleteModifySecurity|ENTERPRISE DOMAIN CONTROLLERS@GpoRead|SYSTEM@GpoEditDeleteModifySecurity"
"Mig_Default Computers and Laptops policy";"EMEA.IPG.CORP/IPGIT-MI/Computers/Laptops";"false";"false";"Authenticated Users@GpoApply|Domain Admins@GpoEditDeleteModifySecurity|Enterprise Admins@GpoEditDeleteModifySecurity|ENTERPRISE DOMAIN CONTROLLERS@GpoRead|SYSTEM@GpoEditDeleteModifySecurity"
"Mig_Default Computers and Laptops policy";"EMEA.IPG.CORP/IPGIT-MI/Computers/Desktops";"false";"false";"Authenticated Users@GpoApply|Domain Admins@GpoEditDeleteModifySecurity|Enterprise Admins@GpoEditDeleteModifySecurity|ENTERPRISE DOMAIN CONTROLLERS@GpoRead|SYSTEM@GpoEditDeleteModifySecurity"
"Mig_Default Computers and Laptops policy";"EMEA.IPG.CORP/IPGFR-IK/Computers/Laptops";"false";"false";"Authenticated Users@GpoApply|Domain Admins@GpoEditDeleteModifySecurity|Enterprise Admins@GpoEditDeleteModifySecurity|ENTERPRISE DOMAIN CONTROLLERS@GpoRead|SYSTEM@GpoEditDeleteModifySecurity"
"Mig_Default Computers and Laptops policy";"EMEA.IPG.CORP/IPGFR-IK/Computers/Desktops";"false";"false";"Authenticated Users@GpoApply|Domain Admins@GpoEditDeleteModifySecurity|Enterprise Admins@GpoEditDeleteModifySecurity|ENTERPRISE DOMAIN CONTROLLERS@GpoRead|SYSTEM@GpoEditDeleteModifySecurity"
"Mig_Default Computers and Laptops policy";"EMEA.IPG.CORP/IPGEU-IL/Computers/Desktops";"false";"false";"Authenticated Users@GpoApply|Domain Admins@GpoEditDeleteModifySecurity|Enterprise Admins@GpoEditDeleteModifySecurity|ENTERPRISE DOMAIN CONTROLLERS@GpoRead|SYSTEM@GpoEditDeleteModifySecurity"
"Mig_Default Computers and Laptops policy";"EMEA.IPG.CORP/IPGEU-IL/Computers/Laptops";"false";"false";"Authenticated Users@GpoApply|Domain Admins@GpoEditDeleteModifySecurity|Enterprise Admins@GpoEditDeleteModifySecurity|ENTERPRISE DOMAIN CONTROLLERS@GpoRead|SYSTEM@GpoEditDeleteModifySecurity"
"Mig_Default Computers and Laptops policy";"EMEA.IPG.CORP/IPGCZ-PRG/Computers/Laptops";"false";"false";"Authenticated Users@GpoApply|Domain Admins@GpoEditDeleteModifySecurity|Enterprise Admins@GpoEditDeleteModifySecurity|ENTERPRISE DOMAIN CONTROLLERS@GpoRead|SYSTEM@GpoEditDeleteModifySecurity"
"Mig_Default Computers and Laptops policy";"EMEA.IPG.CORP/IPGCZ-PRG/Computers/Desktops";"false";"false";"Authenticated Users@GpoApply|Domain Admins@GpoEditDeleteModifySecurity|Enterprise Admins@GpoEditDeleteModifySecurity|ENTERPRISE DOMAIN CONTROLLERS@GpoRead|SYSTEM@GpoEditDeleteModifySecurity"
"Mig_IPG_EMEA_Default_IE_Policy";"EMEA.IPG.CORP/IPGL-BU/Computers/Desktops";"false";"false";"Authenticated Users@GpoApply|Domain Admins@GpoEditDeleteModifySecurity|Enterprise Admins@GpoEditDeleteModifySecurity|ENTERPRISE DOMAIN CONTROLLERS@GpoRead|SYSTEM@GpoEditDeleteModifySecurity"
"Mig_IPG_EMEA_Default_IE_Policy";"EMEA.IPG.CORP/IPGL-BU/Computers/Laptops";"false";"false";"Authenticated Users@GpoApply|Domain Admins@GpoEditDeleteModifySecurity|Enterprise Admins@GpoEditDeleteModifySecurity|ENTERPRISE DOMAIN CONTROLLERS@GpoRead|SYSTEM@GpoEditDeleteModifySecurity"
"Mig_IPG_EMEA_Default_IE_Policy";"EMEA.IPG.CORP/IPGUK-BR/Computers/Desktops";"false";"false";"Authenticated Users@GpoApply|Domain Admins@GpoEditDeleteModifySecurity|Enterprise Admins@GpoEditDeleteModifySecurity|ENTERPRISE DOMAIN CONTROLLERS@GpoRead|SYSTEM@GpoEditDeleteModifySecurity"
"Mig_IPG_EMEA_Default_IE_Policy";"EMEA.IPG.CORP/IPGUK-BR/Computers/Laptops";"false";"false";"Authenticated Users@GpoApply|Domain Admins@GpoEditDeleteModifySecurity|Enterprise Admins@GpoEditDeleteModifySecurity|ENTERPRISE DOMAIN CONTROLLERS@GpoRead|SYSTEM@GpoEditDeleteModifySecurity"
"Mig_IPG_EMEA_Default_IE_Policy";"EMEA.IPG.CORP/IPGSP-BC/Computers/Desktops";"false";"false";"Authenticated Users@GpoApply|Domain Admins@GpoEditDeleteModifySecurity|Enterprise Admins@GpoEditDeleteModifySecurity|ENTERPRISE DOMAIN CONTROLLERS@GpoRead|SYSTEM@GpoEditDeleteModifySecurity"
"Mig_IPG_EMEA_Default_IE_Policy";"EMEA.IPG.CORP/IPGSP-BC/Computers/Laptops";"false";"false";"Authenticated Users@GpoApply|Domain Admins@GpoEditDeleteModifySecurity|Enterprise Admins@GpoEditDeleteModifySecurity|ENTERPRISE DOMAIN CONTROLLERS@GpoRead|SYSTEM@GpoEditDeleteModifySecurity"
"Mig_IPG_EMEA_Default_IE_Policy";"EMEA.IPG.CORP/IPGRT-MI/Computers/Desktops";"false";"false";"Authenticated Users@GpoApply|Domain Admins@GpoEditDeleteModifySecurity|Enterprise Admins@GpoEditDeleteModifySecurity|ENTERPRISE DOMAIN CONTROLLERS@GpoRead|SYSTEM@GpoEditDeleteModifySecurity"
"Mig_IPG_EMEA_Default_IE_Policy";"EMEA.IPG.CORP/IPGRT-MI/Computers/Laptops";"false";"false";"Authenticated Users@GpoApply|Domain Admins@GpoEditDeleteModifySecurity|Enterprise Admins@GpoEditDeleteModifySecurity|ENTERPRISE DOMAIN CONTROLLERS@GpoRead|SYSTEM@GpoEditDeleteModifySecurity"
"Mig_IPG_EMEA_Default_IE_Policy";"EMEA.IPG.CORP/IPGPL-GL/Computers/Laptops";"false";"false";"Authenticated Users@GpoApply|Domain Admins@GpoEditDeleteModifySecurity|Enterprise Admins@GpoEditDeleteModifySecurity|ENTERPRISE DOMAIN CONTROLLERS@GpoRead|SYSTEM@GpoEditDeleteModifySecurity"
"Mig_IPG_EMEA_Default_IE_Policy";"EMEA.IPG.CORP/IPGPL-GL/Computers/Desktops";"false";"false";"Authenticated Users@GpoApply|Domain Admins@GpoEditDeleteModifySecurity|Enterprise Admins@GpoEditDeleteModifySecurity|ENTERPRISE DOMAIN CONTROLLERS@GpoRead|SYSTEM@GpoEditDeleteModifySecurity"
"Mig_IPG_EMEA_Default_IE_Policy";"EMEA.IPG.CORP/IPGL-AL/Computers/Laptops";"false";"false";"Authenticated Users@GpoApply|Domain Admins@GpoEditDeleteModifySecurity|Enterprise Admins@GpoEditDeleteModifySecurity|ENTERPRISE DOMAIN CONTROLLERS@GpoRead|SYSTEM@GpoEditDeleteModifySecurity"
"Mig_IPG_EMEA_Default_IE_Policy";"EMEA.IPG.CORP/IPGL-AL/Computers/Desktops";"false";"false";"Authenticated Users@GpoApply|Domain Admins@GpoEditDeleteModifySecurity|Enterprise Admins@GpoEditDeleteModifySecurity|ENTERPRISE DOMAIN CONTROLLERS@GpoRead|SYSTEM@GpoEditDeleteModifySecurity"
"Mig_IPG_EMEA_Default_IE_Policy";"EMEA.IPG.CORP/IPGIT-MI/Computers/Laptops";"false";"false";"Authenticated Users@GpoApply|Domain Admins@GpoEditDeleteModifySecurity|Enterprise Admins@GpoEditDeleteModifySecurity|ENTERPRISE DOMAIN CONTROLLERS@GpoRead|SYSTEM@GpoEditDeleteModifySecurity"
"Mig_IPG_EMEA_Default_IE_Policy";"EMEA.IPG.CORP/IPGIT-MI/Computers/Desktops";"false";"false";"Authenticated Users@GpoApply|Domain Admins@GpoEditDeleteModifySecurity|Enterprise Admins@GpoEditDeleteModifySecurity|ENTERPRISE DOMAIN CONTROLLERS@GpoRead|SYSTEM@GpoEditDeleteModifySecurity"
"Mig_IPG_EMEA_Default_IE_Policy";"EMEA.IPG.CORP/IPGFR-IK/Computers/Laptops";"false";"false";"Authenticated Users@GpoApply|Domain Admins@GpoEditDeleteModifySecurity|Enterprise Admins@GpoEditDeleteModifySecurity|ENTERPRISE DOMAIN CONTROLLERS@GpoRead|SYSTEM@GpoEditDeleteModifySecurity"
"Mig_IPG_EMEA_Default_IE_Policy";"EMEA.IPG.CORP/IPGFR-IK/Computers/Desktops";"false";"false";"Authenticated Users@GpoApply|Domain Admins@GpoEditDeleteModifySecurity|Enterprise Admins@GpoEditDeleteModifySecurity|ENTERPRISE DOMAIN CONTROLLERS@GpoRead|SYSTEM@GpoEditDeleteModifySecurity"
"Mig_IPG_EMEA_Default_IE_Policy";"EMEA.IPG.CORP/IPGEU-IL/Computers/Desktops";"false";"false";"Authenticated Users@GpoApply|Domain Admins@GpoEditDeleteModifySecurity|Enterprise Admins@GpoEditDeleteModifySecurity|ENTERPRISE DOMAIN CONTROLLERS@GpoRead|SYSTEM@GpoEditDeleteModifySecurity"
"Mig_IPG_EMEA_Default_IE_Policy";"EMEA.IPG.CORP/IPGEU-IL/Computers/Laptops";"false";"false";"Authenticated Users@GpoApply|Domain Admins@GpoEditDeleteModifySecurity|Enterprise Admins@GpoEditDeleteModifySecurity|ENTERPRISE DOMAIN CONTROLLERS@GpoRead|SYSTEM@GpoEditDeleteModifySecurity"
"Mig_IPG_EMEA_Default_IE_Policy";"EMEA.IPG.CORP/IPGCZ-PRG/Computers/Laptops";"false";"false";"Authenticated Users@GpoApply|Domain Admins@GpoEditDeleteModifySecurity|Enterprise Admins@GpoEditDeleteModifySecurity|ENTERPRISE DOMAIN CONTROLLERS@GpoRead|SYSTEM@GpoEditDeleteModifySecurity"
"Mig_IPG_EMEA_Default_IE_Policy";"EMEA.IPG.CORP/IPGCZ-PRG/Computers/Desktops";"false";"false";"Authenticated Users@GpoApply|Domain Admins@GpoEditDeleteModifySecurity|Enterprise Admins@GpoEditDeleteModifySecurity|ENTERPRISE DOMAIN CONTROLLERS@GpoRead|SYSTEM@GpoEditDeleteModifySecurity"
"IPG_EMEA_BU_PKI_AutoEnrollment_PUSH";"EMEA.IPG.CORP/IPGL-BU/Computers/Desktops";"false";"false";"Authenticated Users@GpoApply|Domain Admins@GpoEditDeleteModifySecurity|Enterprise Admins@GpoEditDeleteModifySecurity|ENTERPRISE DOMAIN CONTROLLERS@GpoRead|SYSTEM@GpoEditDeleteModifySecurity"
"IPG_EMEA_BU_PKI_AutoEnrollment_PUSH";"EMEA.IPG.CORP/IPGL-BU/Computers/Laptops";"false";"false";"Authenticated Users@GpoApply|Domain Admins@GpoEditDeleteModifySecurity|Enterprise Admins@GpoEditDeleteModifySecurity|ENTERPRISE DOMAIN CONTROLLERS@GpoRead|SYSTEM@GpoEditDeleteModifySecurity"
"IPG_EMEA_BU_PKI_AutoEnrollment_PUSH";"EMEA.IPG.CORP/IPGL-BU/Users/Enabled";"false";"false";"Authenticated Users@GpoApply|Domain Admins@GpoEditDeleteModifySecurity|Enterprise Admins@GpoEditDeleteModifySecurity|ENTERPRISE DOMAIN CONTROLLERS@GpoRead|SYSTEM@GpoEditDeleteModifySecurity"
"IPG_EMEA_RDP_EnableEndConfigure";"EMEA.IPG.CORP/IPGL-BU/Computers/Desktops/IT";"true";"true";"Authenticated Users@GpoApply|Domain Admins@GpoEditDeleteModifySecurity|Enterprise Admins@GpoEditDeleteModifySecurity|ENTERPRISE DOMAIN CONTROLLERS@GpoRead|SYSTEM@GpoEditDeleteModifySecurity"
"IPG_EMEA_PKI_Cisco_Umbrella_CA_Install";"EMEA.IPG.CORP/IPGL-BU/Computers";"false";"true";"Authenticated Users@GpoApply|Domain Admins@GpoEditDeleteModifySecurity|Enterprise Admins@GpoEditDeleteModifySecurity|ENTERPRISE DOMAIN CONTROLLERS@GpoRead|SYSTEM@GpoEditDeleteModifySecurity"
"IPG_EMEA_PKI_Cisco_Umbrella_CA_Install";"EMEA.IPG.CORP/IPGPL-GL";"false";"true";"Authenticated Users@GpoApply|Domain Admins@GpoEditDeleteModifySecurity|Enterprise Admins@GpoEditDeleteModifySecurity|ENTERPRISE DOMAIN CONTROLLERS@GpoRead|SYSTEM@GpoEditDeleteModifySecurity"
"IPG_EMEA_PKI_Cisco_Umbrella_CA_Install";"EMEA.IPG.CORP/IPGL-BU/Test Environment/Computers";"false";"true";"Authenticated Users@GpoApply|Domain Admins@GpoEditDeleteModifySecurity|Enterprise Admins@GpoEditDeleteModifySecurity|ENTERPRISE DOMAIN CONTROLLERS@GpoRead|SYSTEM@GpoEditDeleteModifySecurity"
"IPG_EMEA_News_And_Interests";"EMEA.IPG.CORP/IPGL-BU/Computers";"true";"true";"Domain Computers@GpoApply|Authenticated Users@GpoApply|Domain Admins@GpoEditDeleteModifySecurity|Enterprise Admins@GpoEditDeleteModifySecurity|ENTERPRISE DOMAIN CONTROLLERS@GpoRead|SYSTEM@GpoEditDeleteModifySecurity"
"IPG_EMEA_News_And_Interests";"EMEA.IPG.CORP/IPGL-AL/Computers";"true";"true";"Domain Computers@GpoApply|Authenticated Users@GpoApply|Domain Admins@GpoEditDeleteModifySecurity|Enterprise Admins@GpoEditDeleteModifySecurity|ENTERPRISE DOMAIN CONTROLLERS@GpoRead|SYSTEM@GpoEditDeleteModifySecurity"
"IPG_EMEA_News_And_Interests";"EMEA.IPG.CORP/IPGIT-MI/Computers";"true";"true";"Domain Computers@GpoApply|Authenticated Users@GpoApply|Domain Admins@GpoEditDeleteModifySecurity|Enterprise Admins@GpoEditDeleteModifySecurity|ENTERPRISE DOMAIN CONTROLLERS@GpoRead|SYSTEM@GpoEditDeleteModifySecurity"
"IPG_EMEA_News_And_Interests";"EMEA.IPG.CORP/IPGL-BU/Test Environment/Computers";"true";"true";"Domain Computers@GpoApply|Authenticated Users@GpoApply|Domain Admins@GpoEditDeleteModifySecurity|Enterprise Admins@GpoEditDeleteModifySecurity|ENTERPRISE DOMAIN CONTROLLERS@GpoRead|SYSTEM@GpoEditDeleteModifySecurity"
"IPG_EMEA_BU_LDM_Predefined_local_Administrator_Rights";"EMEA.IPG.CORP/IPGL-BU/Computers/Laptops/LDM";"true";"true";"Domain Computers@GpoApply|Authenticated Users@GpoApply|Domain Admins@GpoEditDeleteModifySecurity|Enterprise Admins@GpoEditDeleteModifySecurity|ENTERPRISE DOMAIN CONTROLLERS@GpoRead|SYSTEM@GpoEditDeleteModifySecurity"
"IPG_EMEA_BU_LDM_Predefined_local_Administrator_Rights";"EMEA.IPG.CORP/IPGL-BU/Computers/Desktops/LDM";"true";"true";"Domain Computers@GpoApply|Authenticated Users@GpoApply|Domain Admins@GpoEditDeleteModifySecurity|Enterprise Admins@GpoEditDeleteModifySecurity|ENTERPRISE DOMAIN CONTROLLERS@GpoRead|SYSTEM@GpoEditDeleteModifySecurity"
"IPG_EMEA_PDBclient";"EMEA.IPG.CORP/IPGL-BU/Computers/Desktops";"false";"true";"Authenticated Users@GpoApply|Domain Admins@GpoEditDeleteModifySecurity|Enterprise Admins@GpoEditDeleteModifySecurity|ENTERPRISE DOMAIN CONTROLLERS@GpoRead|SYSTEM@GpoEditDeleteModifySecurity"
"IPG_EMEA_PDBclient";"EMEA.IPG.CORP/IPGL-BU/Computers/Laptops";"false";"true";"Authenticated Users@GpoApply|Domain Admins@GpoEditDeleteModifySecurity|Enterprise Admins@GpoEditDeleteModifySecurity|ENTERPRISE DOMAIN CONTROLLERS@GpoRead|SYSTEM@GpoEditDeleteModifySecurity"
"IPG_EMEA_PDBclient";"EMEA.IPG.CORP/IPGPL-GL/Computers/Laptops";"false";"true";"Authenticated Users@GpoApply|Domain Admins@GpoEditDeleteModifySecurity|Enterprise Admins@GpoEditDeleteModifySecurity|ENTERPRISE DOMAIN CONTROLLERS@GpoRead|SYSTEM@GpoEditDeleteModifySecurity"
"IPG_EMEA_PDBclient";"EMEA.IPG.CORP/IPGPL-GL/Computers/Desktops";"false";"true";"Authenticated Users@GpoApply|Domain Admins@GpoEditDeleteModifySecurity|Enterprise Admins@GpoEditDeleteModifySecurity|ENTERPRISE DOMAIN CONTROLLERS@GpoRead|SYSTEM@GpoEditDeleteModifySecurity"
"IPG_EMEA_PDBclient";"EMEA.IPG.CORP/IPGIT-MI/Computers/Laptops";"false";"true";"Authenticated Users@GpoApply|Domain Admins@GpoEditDeleteModifySecurity|Enterprise Admins@GpoEditDeleteModifySecurity|ENTERPRISE DOMAIN CONTROLLERS@GpoRead|SYSTEM@GpoEditDeleteModifySecurity"
"IPG_EMEA_PDBclient";"EMEA.IPG.CORP/IPGIT-MI/Computers/Desktops";"false";"true";"Authenticated Users@GpoApply|Domain Admins@GpoEditDeleteModifySecurity|Enterprise Admins@GpoEditDeleteModifySecurity|ENTERPRISE DOMAIN CONTROLLERS@GpoRead|SYSTEM@GpoEditDeleteModifySecurity"
"IPG_EMEA_PDBclient";"EMEA.IPG.CORP/IPGFR-IK/Computers/Laptops";"false";"true";"Authenticated Users@GpoApply|Domain Admins@GpoEditDeleteModifySecurity|Enterprise Admins@GpoEditDeleteModifySecurity|ENTERPRISE DOMAIN CONTROLLERS@GpoRead|SYSTEM@GpoEditDeleteModifySecurity"
"IPG_EMEA_PDBclient";"EMEA.IPG.CORP/IPGFR-IK/Computers/Desktops";"false";"true";"Authenticated Users@GpoApply|Domain Admins@GpoEditDeleteModifySecurity|Enterprise Admins@GpoEditDeleteModifySecurity|ENTERPRISE DOMAIN CONTROLLERS@GpoRead|SYSTEM@GpoEditDeleteModifySecurity"
"IPG_EMEA_PDBclient";"EMEA.IPG.CORP/IPGL-BU/Computers/PCV";"false";"true";"Authenticated Users@GpoApply|Domain Admins@GpoEditDeleteModifySecurity|Enterprise Admins@GpoEditDeleteModifySecurity|ENTERPRISE DOMAIN CONTROLLERS@GpoRead|SYSTEM@GpoEditDeleteModifySecurity"
"IPG_EMEA_BU_FP_Power_Plan";"EMEA.IPG.CORP/IPGL-BU/Computers/Laptops/FP";"true";"true";"Domain Computers@GpoApply|Authenticated Users@GpoApply|Domain Admins@GpoEditDeleteModifySecurity|Enterprise Admins@GpoEditDeleteModifySecurity|ENTERPRISE DOMAIN CONTROLLERS@GpoRead|SYSTEM@GpoEditDeleteModifySecurity"
"IPG_EMEA_BU_FP_Power_Plan";"EMEA.IPG.CORP/IPGL-BU/Computers/Desktops/FP";"true";"true";"Domain Computers@GpoApply|Authenticated Users@GpoApply|Domain Admins@GpoEditDeleteModifySecurity|Enterprise Admins@GpoEditDeleteModifySecurity|ENTERPRISE DOMAIN CONTROLLERS@GpoRead|SYSTEM@GpoEditDeleteModifySecurity"
"IPG_EMEA_BU_FP_Power_Plan";"EMEA.IPG.CORP/IPGL-BU/Computers/Desktops/FP-POD-PC";"true";"true";"Domain Computers@GpoApply|Authenticated Users@GpoApply|Domain Admins@GpoEditDeleteModifySecurity|Enterprise Admins@GpoEditDeleteModifySecurity|ENTERPRISE DOMAIN CONTROLLERS@GpoRead|SYSTEM@GpoEditDeleteModifySecurity"
"IPG_EMEA_BU_PLA_Predefined_local_Administrator_Rights";"EMEA.IPG.CORP/IPGL-BU/Computers/Desktops/PLA";"true";"true";"Authenticated Users@GpoApply|Domain Admins@GpoEditDeleteModifySecurity|Enterprise Admins@GpoEditDeleteModifySecurity|ENTERPRISE DOMAIN CONTROLLERS@GpoRead|SYSTEM@GpoEditDeleteModifySecurity"
"IPG_EMEA_Firewall_rules";"EMEA.IPG.CORP/IPGL-BU/Computers/Desktops";"false";"true";"Authenticated Users@GpoApply|Domain Admins@GpoEditDeleteModifySecurity|Enterprise Admins@GpoEditDeleteModifySecurity|ENTERPRISE DOMAIN CONTROLLERS@GpoRead|SYSTEM@GpoEditDeleteModifySecurity"
"IPG_EMEA_Firewall_rules";"EMEA.IPG.CORP/IPGL-BU/Computers/Laptops";"false";"true";"Authenticated Users@GpoApply|Domain Admins@GpoEditDeleteModifySecurity|Enterprise Admins@GpoEditDeleteModifySecurity|ENTERPRISE DOMAIN CONTROLLERS@GpoRead|SYSTEM@GpoEditDeleteModifySecurity"
"IPG_EMEA_Firewall_rules";"EMEA.IPG.CORP/IPGUK-BR/Computers/Desktops";"false";"true";"Authenticated Users@GpoApply|Domain Admins@GpoEditDeleteModifySecurity|Enterprise Admins@GpoEditDeleteModifySecurity|ENTERPRISE DOMAIN CONTROLLERS@GpoRead|SYSTEM@GpoEditDeleteModifySecurity"
"IPG_EMEA_Firewall_rules";"EMEA.IPG.CORP/IPGUK-BR/Computers/Laptops";"false";"true";"Authenticated Users@GpoApply|Domain Admins@GpoEditDeleteModifySecurity|Enterprise Admins@GpoEditDeleteModifySecurity|ENTERPRISE DOMAIN CONTROLLERS@GpoRead|SYSTEM@GpoEditDeleteModifySecurity"
"IPG_EMEA_Firewall_rules";"EMEA.IPG.CORP/IPGSP-BC/Computers/Desktops";"false";"true";"Authenticated Users@GpoApply|Domain Admins@GpoEditDeleteModifySecurity|Enterprise Admins@GpoEditDeleteModifySecurity|ENTERPRISE DOMAIN CONTROLLERS@GpoRead|SYSTEM@GpoEditDeleteModifySecurity"
"IPG_EMEA_Firewall_rules";"EMEA.IPG.CORP/IPGSP-BC/Computers/Laptops";"false";"true";"Authenticated Users@GpoApply|Domain Admins@GpoEditDeleteModifySecurity|Enterprise Admins@GpoEditDeleteModifySecurity|ENTERPRISE DOMAIN CONTROLLERS@GpoRead|SYSTEM@GpoEditDeleteModifySecurity"
"IPG_EMEA_Firewall_rules";"EMEA.IPG.CORP/IPGRT-MI/Computers/Desktops";"false";"true";"Authenticated Users@GpoApply|Domain Admins@GpoEditDeleteModifySecurity|Enterprise Admins@GpoEditDeleteModifySecurity|ENTERPRISE DOMAIN CONTROLLERS@GpoRead|SYSTEM@GpoEditDeleteModifySecurity"
"IPG_EMEA_Firewall_rules";"EMEA.IPG.CORP/IPGRT-MI/Computers/Laptops";"false";"true";"Authenticated Users@GpoApply|Domain Admins@GpoEditDeleteModifySecurity|Enterprise Admins@GpoEditDeleteModifySecurity|ENTERPRISE DOMAIN CONTROLLERS@GpoRead|SYSTEM@GpoEditDeleteModifySecurity"
"IPG_EMEA_Firewall_rules";"EMEA.IPG.CORP/IPGPL-GL/Computers/Laptops";"false";"true";"Authenticated Users@GpoApply|Domain Admins@GpoEditDeleteModifySecurity|Enterprise Admins@GpoEditDeleteModifySecurity|ENTERPRISE DOMAIN CONTROLLERS@GpoRead|SYSTEM@GpoEditDeleteModifySecurity"
"IPG_EMEA_Firewall_rules";"EMEA.IPG.CORP/IPGPL-GL/Computers/Desktops";"false";"true";"Authenticated Users@GpoApply|Domain Admins@GpoEditDeleteModifySecurity|Enterprise Admins@GpoEditDeleteModifySecurity|ENTERPRISE DOMAIN CONTROLLERS@GpoRead|SYSTEM@GpoEditDeleteModifySecurity"
"IPG_EMEA_Firewall_rules";"EMEA.IPG.CORP/IPGL-AL/Computers/Laptops";"false";"true";"Authenticated Users@GpoApply|Domain Admins@GpoEditDeleteModifySecurity|Enterprise Admins@GpoEditDeleteModifySecurity|ENTERPRISE DOMAIN CONTROLLERS@GpoRead|SYSTEM@GpoEditDeleteModifySecurity"
"IPG_EMEA_Firewall_rules";"EMEA.IPG.CORP/IPGL-AL/Computers/Desktops";"false";"true";"Authenticated Users@GpoApply|Domain Admins@GpoEditDeleteModifySecurity|Enterprise Admins@GpoEditDeleteModifySecurity|ENTERPRISE DOMAIN CONTROLLERS@GpoRead|SYSTEM@GpoEditDeleteModifySecurity"
"IPG_EMEA_Firewall_rules";"EMEA.IPG.CORP/IPGIT-MI/Computers/Laptops";"false";"true";"Authenticated Users@GpoApply|Domain Admins@GpoEditDeleteModifySecurity|Enterprise Admins@GpoEditDeleteModifySecurity|ENTERPRISE DOMAIN CONTROLLERS@GpoRead|SYSTEM@GpoEditDeleteModifySecurity"
"IPG_EMEA_Firewall_rules";"EMEA.IPG.CORP/IPGIT-MI/Computers/Desktops";"false";"true";"Authenticated Users@GpoApply|Domain Admins@GpoEditDeleteModifySecurity|Enterprise Admins@GpoEditDeleteModifySecurity|ENTERPRISE DOMAIN CONTROLLERS@GpoRead|SYSTEM@GpoEditDeleteModifySecurity"
"IPG_EMEA_Firewall_rules";"EMEA.IPG.CORP/IPGFR-IK/Computers/Laptops";"false";"true";"Authenticated Users@GpoApply|Domain Admins@GpoEditDeleteModifySecurity|Enterprise Admins@GpoEditDeleteModifySecurity|ENTERPRISE DOMAIN CONTROLLERS@GpoRead|SYSTEM@GpoEditDeleteModifySecurity"
"IPG_EMEA_Firewall_rules";"EMEA.IPG.CORP/IPGFR-IK/Computers/Desktops";"false";"true";"Authenticated Users@GpoApply|Domain Admins@GpoEditDeleteModifySecurity|Enterprise Admins@GpoEditDeleteModifySecurity|ENTERPRISE DOMAIN CONTROLLERS@GpoRead|SYSTEM@GpoEditDeleteModifySecurity"
"IPG_EMEA_Firewall_rules";"EMEA.IPG.CORP/IPGEU-IL/Computers/Desktops";"false";"true";"Authenticated Users@GpoApply|Domain Admins@GpoEditDeleteModifySecurity|Enterprise Admins@GpoEditDeleteModifySecurity|ENTERPRISE DOMAIN CONTROLLERS@GpoRead|SYSTEM@GpoEditDeleteModifySecurity"
"IPG_EMEA_Firewall_rules";"EMEA.IPG.CORP/IPGEU-IL/Computers/Laptops";"false";"true";"Authenticated Users@GpoApply|Domain Admins@GpoEditDeleteModifySecurity|Enterprise Admins@GpoEditDeleteModifySecurity|ENTERPRISE DOMAIN CONTROLLERS@GpoRead|SYSTEM@GpoEditDeleteModifySecurity"
"IPG_EMEA_Firewall_rules";"EMEA.IPG.CORP/IPGCZ-PRG/Computers/Laptops";"false";"true";"Authenticated Users@GpoApply|Domain Admins@GpoEditDeleteModifySecurity|Enterprise Admins@GpoEditDeleteModifySecurity|ENTERPRISE DOMAIN CONTROLLERS@GpoRead|SYSTEM@GpoEditDeleteModifySecurity"
"IPG_EMEA_Firewall_rules";"EMEA.IPG.CORP/IPGCZ-PRG/Computers/Desktops";"false";"true";"Authenticated Users@GpoApply|Domain Admins@GpoEditDeleteModifySecurity|Enterprise Admins@GpoEditDeleteModifySecurity|ENTERPRISE DOMAIN CONTROLLERS@GpoRead|SYSTEM@GpoEditDeleteModifySecurity"
"IPG_EMEA_IPGPL_TIER3_LAYER";"EMEA.IPG.CORP/IPGPL-GL/Computers/Laptops";"true";"true";"Authenticated Users@GpoApply|Enterprise Admins@GpoEditDeleteModifySecurity|Domain Admins@GpoEditDeleteModifySecurity|ENTERPRISE DOMAIN CONTROLLERS@GpoRead|SYSTEM@GpoEditDeleteModifySecurity"
"IPG_EMEA_IPGPL_TIER3_LAYER";"EMEA.IPG.CORP/IPGPL-GL/Computers/Desktops";"true";"true";"Authenticated Users@GpoApply|Enterprise Admins@GpoEditDeleteModifySecurity|Domain Admins@GpoEditDeleteModifySecurity|ENTERPRISE DOMAIN CONTROLLERS@GpoRead|SYSTEM@GpoEditDeleteModifySecurity"
"IPG_EMEA_Cisco_Umbrella_Script";"EMEA.IPG.CORP/IPGL-BU/Computers/Laptops/IT/Test";"true";"true";"Authenticated Users@GpoApply|Domain Admins@GpoEditDeleteModifySecurity|Enterprise Admins@GpoEditDeleteModifySecurity|ENTERPRISE DOMAIN CONTROLLERS@GpoRead|SYSTEM@GpoEditDeleteModifySecurity"
"IPG_EMEA_BU_FG_Shortcut";"EMEA.IPG.CORP/IPGL-BU/Computers/Laptops/FG";"false";"true";"Authenticated Users@GpoApply|Domain Admins@GpoEditDeleteModifySecurity|Enterprise Admins@GpoEditDeleteModifySecurity|ENTERPRISE DOMAIN CONTROLLERS@GpoRead|SYSTEM@GpoEditDeleteModifySecurity"
"IPG_EMEA_BU_FG_Shortcut";"EMEA.IPG.CORP/IPGL-BU/Computers/Desktops/FG";"false";"true";"Authenticated Users@GpoApply|Domain Admins@GpoEditDeleteModifySecurity|Enterprise Admins@GpoEditDeleteModifySecurity|ENTERPRISE DOMAIN CONTROLLERS@GpoRead|SYSTEM@GpoEditDeleteModifySecurity"
"IPG_EMEA_BU_Network Configuration Operator";"EMEA.IPG.CORP/IPGL-BU/Computers/Desktops";"true";"true";"Authenticated Users@GpoApply|Domain Admins@GpoEditDeleteModifySecurity|Enterprise Admins@GpoEditDeleteModifySecurity|ENTERPRISE DOMAIN CONTROLLERS@GpoRead|SYSTEM@GpoEditDeleteModifySecurity"
"IPG_EMEA_BU_Network Configuration Operator";"EMEA.IPG.CORP/IPGPL-GL/Computers/Laptops";"true";"true";"Authenticated Users@GpoApply|Domain Admins@GpoEditDeleteModifySecurity|Enterprise Admins@GpoEditDeleteModifySecurity|ENTERPRISE DOMAIN CONTROLLERS@GpoRead|SYSTEM@GpoEditDeleteModifySecurity"
"IPG_EMEA_BU_Network Configuration Operator";"EMEA.IPG.CORP/IPGPL-GL/Computers/Desktops";"true";"true";"Authenticated Users@GpoApply|Domain Admins@GpoEditDeleteModifySecurity|Enterprise Admins@GpoEditDeleteModifySecurity|ENTERPRISE DOMAIN CONTROLLERS@GpoRead|SYSTEM@GpoEditDeleteModifySecurity"
"IPG_EMEA_BU_Network Configuration Operator";"EMEA.IPG.CORP/IPGL-BU/Computers/Laptops/SG";"true";"true";"Authenticated Users@GpoApply|Domain Admins@GpoEditDeleteModifySecurity|Enterprise Admins@GpoEditDeleteModifySecurity|ENTERPRISE DOMAIN CONTROLLERS@GpoRead|SYSTEM@GpoEditDeleteModifySecurity"
"IPG_EMEA_Reboot_report";"EMEA.IPG.CORP/IPGL-BU/Computers/Servers";"false";"false";"Authenticated Users@GpoApply|Domain Admins@GpoEditDeleteModifySecurity|Enterprise Admins@GpoEditDeleteModifySecurity|ENTERPRISE DOMAIN CONTROLLERS@GpoRead|SYSTEM@GpoEditDeleteModifySecurity"
"IPG_EMEA_IPGFR_TIER3_LAYER";"EMEA.IPG.CORP/IPGFR-IK/Computers/Laptops";"true";"true";"Authenticated Users@GpoApply|Enterprise Admins@GpoEditDeleteModifySecurity|Domain Admins@GpoEditDeleteModifySecurity|ENTERPRISE DOMAIN CONTROLLERS@GpoRead|SYSTEM@GpoEditDeleteModifySecurity"
"IPG_EMEA_IPGFR_TIER3_LAYER";"EMEA.IPG.CORP/IPGFR-IK/Computers/Desktops";"true";"true";"Authenticated Users@GpoApply|Enterprise Admins@GpoEditDeleteModifySecurity|Domain Admins@GpoEditDeleteModifySecurity|ENTERPRISE DOMAIN CONTROLLERS@GpoRead|SYSTEM@GpoEditDeleteModifySecurity"
"IPG_EMEA_IPGSP_TIER3_LAYER";"EMEA.IPG.CORP/IPGSP-BC/Computers/Desktops";"true";"true";"Authenticated Users@GpoApply|Enterprise Admins@GpoEditDeleteModifySecurity|Domain Admins@GpoEditDeleteModifySecurity|ENTERPRISE DOMAIN CONTROLLERS@GpoRead|SYSTEM@GpoEditDeleteModifySecurity"
"IPG_EMEA_IPGSP_TIER3_LAYER";"EMEA.IPG.CORP/IPGSP-BC/Computers/Laptops";"true";"true";"Authenticated Users@GpoApply|Enterprise Admins@GpoEditDeleteModifySecurity|Domain Admins@GpoEditDeleteModifySecurity|ENTERPRISE DOMAIN CONTROLLERS@GpoRead|SYSTEM@GpoEditDeleteModifySecurity"
"IPG_EMEA_IPGIT_TIER3_LAYER";"EMEA.IPG.CORP/IPGIT-MI/Computers/Laptops";"true";"true";"Authenticated Users@GpoApply|Enterprise Admins@GpoEditDeleteModifySecurity|Domain Admins@GpoEditDeleteModifySecurity|ENTERPRISE DOMAIN CONTROLLERS@GpoRead|SYSTEM@GpoEditDeleteModifySecurity"
"IPG_EMEA_IPGIT_TIER3_LAYER";"EMEA.IPG.CORP/IPGIT-MI/Computers/Desktops";"true";"true";"Authenticated Users@GpoApply|Enterprise Admins@GpoEditDeleteModifySecurity|Domain Admins@GpoEditDeleteModifySecurity|ENTERPRISE DOMAIN CONTROLLERS@GpoRead|SYSTEM@GpoEditDeleteModifySecurity"
"IPG_EMEA_IPGIT_TIER2_LAYER";"EMEA.IPG.CORP/IPGIT-MI/Computers/Servers/Tier2";"true";"true";"Authenticated Users@GpoApply|Domain Admins@GpoEditDeleteModifySecurity|Enterprise Admins@GpoEditDeleteModifySecurity|ENTERPRISE DOMAIN CONTROLLERS@GpoRead|SYSTEM@GpoEditDeleteModifySecurity"
"IPG_EMEA_BU_Security_log_size";"EMEA.IPG.CORP/IPGL-BU/Computers/Servers/Teir0";"false";"true";"Authenticated Users@GpoApply|Domain Admins@GpoEditDeleteModifySecurity|Enterprise Admins@GpoEditDeleteModifySecurity|ENTERPRISE DOMAIN CONTROLLERS@GpoRead|SYSTEM@GpoEditDeleteModifySecurity"
"IPG_EMEA_BU_Security_log_size";"EMEA.IPG.CORP/IPGL-BU/Computers/Servers/Tier1";"false";"true";"Authenticated Users@GpoApply|Domain Admins@GpoEditDeleteModifySecurity|Enterprise Admins@GpoEditDeleteModifySecurity|ENTERPRISE DOMAIN CONTROLLERS@GpoRead|SYSTEM@GpoEditDeleteModifySecurity"
"IPG_EMEA_BU_Security_log_size";"EMEA.IPG.CORP/IPGL-BU/Computers/Servers/Tier2";"false";"true";"Authenticated Users@GpoApply|Domain Admins@GpoEditDeleteModifySecurity|Enterprise Admins@GpoEditDeleteModifySecurity|ENTERPRISE DOMAIN CONTROLLERS@GpoRead|SYSTEM@GpoEditDeleteModifySecurity"
"IPG_EMEA_BU_Security_log_size";"EMEA.IPG.CORP/IPGL-BU/Computers/Servers/RDP SERVERS";"false";"true";"Authenticated Users@GpoApply|Domain Admins@GpoEditDeleteModifySecurity|Enterprise Admins@GpoEditDeleteModifySecurity|ENTERPRISE DOMAIN CONTROLLERS@GpoRead|SYSTEM@GpoEditDeleteModifySecurity"
"IPG_EMEA_BU_Security_log_size";"EMEA.IPG.CORP/IPGL-BU/Computers/Servers/VAULT";"false";"true";"Authenticated Users@GpoApply|Domain Admins@GpoEditDeleteModifySecurity|Enterprise Admins@GpoEditDeleteModifySecurity|ENTERPRISE DOMAIN CONTROLLERS@GpoRead|SYSTEM@GpoEditDeleteModifySecurity"
"IPG_EMEA_BU_Security_log_size";"EMEA.IPG.CORP/IPGL-BU/Test Environment/Computers/Servers";"false";"true";"Authenticated Users@GpoApply|Domain Admins@GpoEditDeleteModifySecurity|Enterprise Admins@GpoEditDeleteModifySecurity|ENTERPRISE DOMAIN CONTROLLERS@GpoRead|SYSTEM@GpoEditDeleteModifySecurity"
"IPG_EMEA_IPGCZ_TIER3_LAYER";"EMEA.IPG.CORP/IPGCZ-PRG/Computers/Laptops";"true";"true";"Authenticated Users@GpoApply|Enterprise Admins@GpoEditDeleteModifySecurity|Domain Admins@GpoEditDeleteModifySecurity|ENTERPRISE DOMAIN CONTROLLERS@GpoRead|SYSTEM@GpoEditDeleteModifySecurity"
"IPG_EMEA_IPGCZ_TIER3_LAYER";"EMEA.IPG.CORP/IPGCZ-PRG/Computers/Desktops";"true";"true";"Authenticated Users@GpoApply|Enterprise Admins@GpoEditDeleteModifySecurity|Domain Admins@GpoEditDeleteModifySecurity|ENTERPRISE DOMAIN CONTROLLERS@GpoRead|SYSTEM@GpoEditDeleteModifySecurity"
"IPG_EMEA_IPGEU_TIER3_LAYER";"EMEA.IPG.CORP/IPGEU-IL/Computers/Desktops";"true";"true";"Authenticated Users@GpoApply|Enterprise Admins@GpoEditDeleteModifySecurity|Domain Admins@GpoEditDeleteModifySecurity|ENTERPRISE DOMAIN CONTROLLERS@GpoRead|SYSTEM@GpoEditDeleteModifySecurity"
"IPG_EMEA_IPGEU_TIER3_LAYER";"EMEA.IPG.CORP/IPGEU-IL/Computers/Laptops";"true";"true";"Authenticated Users@GpoApply|Enterprise Admins@GpoEditDeleteModifySecurity|Domain Admins@GpoEditDeleteModifySecurity|ENTERPRISE DOMAIN CONTROLLERS@GpoRead|SYSTEM@GpoEditDeleteModifySecurity"
"IPG_EMEA_AL_TIER3_LAYER";"EMEA.IPG.CORP/IPGL-AL/Computers/Laptops";"true";"true";"Authenticated Users@GpoApply|Enterprise Admins@GpoEditDeleteModifySecurity|Domain Admins@GpoEditDeleteModifySecurity|ENTERPRISE DOMAIN CONTROLLERS@GpoRead|SYSTEM@GpoEditDeleteModifySecurity"
"IPG_EMEA_AL_TIER3_LAYER";"EMEA.IPG.CORP/IPGL-AL/Computers/Desktops";"true";"true";"Authenticated Users@GpoApply|Enterprise Admins@GpoEditDeleteModifySecurity|Domain Admins@GpoEditDeleteModifySecurity|ENTERPRISE DOMAIN CONTROLLERS@GpoRead|SYSTEM@GpoEditDeleteModifySecurity"
"IPG_EMEA_IPGUK_TIER3_LAYER";"EMEA.IPG.CORP/IPGUK-BR/Computers/Desktops";"true";"true";"Authenticated Users@GpoApply|Enterprise Admins@GpoEditDeleteModifySecurity|Domain Admins@GpoEditDeleteModifySecurity|ENTERPRISE DOMAIN CONTROLLERS@GpoRead|SYSTEM@GpoEditDeleteModifySecurity"
"IPG_EMEA_IPGUK_TIER3_LAYER";"EMEA.IPG.CORP/IPGUK-BR/Computers/Laptops";"true";"true";"Authenticated Users@GpoApply|Enterprise Admins@GpoEditDeleteModifySecurity|Domain Admins@GpoEditDeleteModifySecurity|ENTERPRISE DOMAIN CONTROLLERS@GpoRead|SYSTEM@GpoEditDeleteModifySecurity"
"IPG_EMEA_Lock_time";"EMEA.IPG.CORP/IPGL-BU/Users/Enabled/IT";"true";"false";"Authenticated Users@GpoApply|Domain Admins@GpoEditDeleteModifySecurity|Enterprise Admins@GpoEditDeleteModifySecurity|ENTERPRISE DOMAIN CONTROLLERS@GpoRead|SYSTEM@GpoEditDeleteModifySecurity"
"IPG_EMEA_IPGIT_TIER1_LAYER";"EMEA.IPG.CORP/IPGIT-MI/Computers/Servers/Tier1";"true";"true";"Authenticated Users@GpoApply|Domain Admins@GpoEditDeleteModifySecurity|Enterprise Admins@GpoEditDeleteModifySecurity|ENTERPRISE DOMAIN CONTROLLERS@GpoRead|SYSTEM@GpoEditDeleteModifySecurity"
"IPG_EMEA_Allowed_Intranet_Sites";"EMEA.IPG.CORP/IPGL-BU/Computers/Desktops";"true";"true";"Authenticated Users@GpoApply|Domain Admins@GpoEditDeleteModifySecurity|Enterprise Admins@GpoEditDeleteModifySecurity|ENTERPRISE DOMAIN CONTROLLERS@GpoRead|SYSTEM@GpoEditDeleteModifySecurity"
"IPG_EMEA_Allowed_Intranet_Sites";"EMEA.IPG.CORP/IPGL-BU/Computers/Laptops";"true";"true";"Authenticated Users@GpoApply|Domain Admins@GpoEditDeleteModifySecurity|Enterprise Admins@GpoEditDeleteModifySecurity|ENTERPRISE DOMAIN CONTROLLERS@GpoRead|SYSTEM@GpoEditDeleteModifySecurity"
"IPG_EMEA_Allowed_Intranet_Sites";"EMEA.IPG.CORP/IPGL-BU/Users/Enabled";"true";"true";"Authenticated Users@GpoApply|Domain Admins@GpoEditDeleteModifySecurity|Enterprise Admins@GpoEditDeleteModifySecurity|ENTERPRISE DOMAIN CONTROLLERS@GpoRead|SYSTEM@GpoEditDeleteModifySecurity"
"IPG_EMEA_Allowed_Intranet_Sites";"EMEA.IPG.CORP/IPGL-AL/Users/Enabled";"true";"true";"Authenticated Users@GpoApply|Domain Admins@GpoEditDeleteModifySecurity|Enterprise Admins@GpoEditDeleteModifySecurity|ENTERPRISE DOMAIN CONTROLLERS@GpoRead|SYSTEM@GpoEditDeleteModifySecurity"
"IPG_EMEA_Allowed_Intranet_Sites";"EMEA.IPG.CORP/IPGFR-IK/Computers";"true";"true";"Authenticated Users@GpoApply|Domain Admins@GpoEditDeleteModifySecurity|Enterprise Admins@GpoEditDeleteModifySecurity|ENTERPRISE DOMAIN CONTROLLERS@GpoRead|SYSTEM@GpoEditDeleteModifySecurity"
"IPG_EMEA_Allowed_Intranet_Sites";"EMEA.IPG.CORP/IPGFR-IK/Users/Enabled";"true";"true";"Authenticated Users@GpoApply|Domain Admins@GpoEditDeleteModifySecurity|Enterprise Admins@GpoEditDeleteModifySecurity|ENTERPRISE DOMAIN CONTROLLERS@GpoRead|SYSTEM@GpoEditDeleteModifySecurity"
"IPG_EMEA_Allowed_Intranet_Sites";"EMEA.IPG.CORP/IPGL-BU/Computers/PCV";"true";"true";"Authenticated Users@GpoApply|Domain Admins@GpoEditDeleteModifySecurity|Enterprise Admins@GpoEditDeleteModifySecurity|ENTERPRISE DOMAIN CONTROLLERS@GpoRead|SYSTEM@GpoEditDeleteModifySecurity"
"IPG_EMEA_IPGIT_TIER0_LAYER";"EMEA.IPG.CORP/IPGIT-MI/Computers/Servers/Tier0";"true";"true";"Authenticated Users@GpoApply|Domain Admins@GpoEditDeleteModifySecurity|Enterprise Admins@GpoEditDeleteModifySecurity|ENTERPRISE DOMAIN CONTROLLERS@GpoRead|SYSTEM@GpoEditDeleteModifySecurity"
"IPG_EMEA_AL_TIER0_LAYER";"EMEA.IPG.CORP/IPGL-AL/Computers/Servers/Tier0";"true";"true";"Authenticated Users@GpoApply|Domain Admins@GpoEditDeleteModifySecurity|Enterprise Admins@GpoEditDeleteModifySecurity|ENTERPRISE DOMAIN CONTROLLERS@GpoRead|SYSTEM@GpoEditDeleteModifySecurity"
"IPG_EMEA_AL_TIER1_LAYER";"EMEA.IPG.CORP/IPGL-AL/Computers/Servers/Tier1";"true";"true";"Authenticated Users@GpoApply|Domain Admins@GpoEditDeleteModifySecurity|Enterprise Admins@GpoEditDeleteModifySecurity|ENTERPRISE DOMAIN CONTROLLERS@GpoRead|SYSTEM@GpoEditDeleteModifySecurity"
"IPG_EMEA_AL_TIER2_LAYER";"EMEA.IPG.CORP/IPGL-AL/Computers/Servers/Tier2";"true";"true";"Authenticated Users@GpoApply|Domain Admins@GpoEditDeleteModifySecurity|Enterprise Admins@GpoEditDeleteModifySecurity|ENTERPRISE DOMAIN CONTROLLERS@GpoRead|SYSTEM@GpoEditDeleteModifySecurity"
"IPG_EMEA_PKI_AutoEnrollment_PUSH";"EMEA.IPG.CORP/IPGL-BU/Computers/Desktops";"true";"true";"Authenticated Users@GpoApply|Domain Admins@GpoEditDeleteModifySecurity|Enterprise Admins@GpoEditDeleteModifySecurity|ENTERPRISE DOMAIN CONTROLLERS@GpoRead|SYSTEM@GpoEditDeleteModifySecurity"
"IPG_EMEA_PKI_AutoEnrollment_PUSH";"EMEA.IPG.CORP/IPGL-BU/Computers/Laptops";"true";"true";"Authenticated Users@GpoApply|Domain Admins@GpoEditDeleteModifySecurity|Enterprise Admins@GpoEditDeleteModifySecurity|ENTERPRISE DOMAIN CONTROLLERS@GpoRead|SYSTEM@GpoEditDeleteModifySecurity"
"IPG_EMEA_PKI_AutoEnrollment_PUSH";"EMEA.IPG.CORP/IPGL-BU/Computers/PCV";"true";"true";"Authenticated Users@GpoApply|Domain Admins@GpoEditDeleteModifySecurity|Enterprise Admins@GpoEditDeleteModifySecurity|ENTERPRISE DOMAIN CONTROLLERS@GpoRead|SYSTEM@GpoEditDeleteModifySecurity"
"IPG_EMEA_Disable_Print_Spooler_service";"EMEA.IPG.CORP/Domain Controllers";"true";"true";"Authenticated Users@GpoApply|Domain Admins@GpoEditDeleteModifySecurity|Enterprise Admins@GpoEditDeleteModifySecurity|ENTERPRISE DOMAIN CONTROLLERS@GpoRead|SYSTEM@GpoEditDeleteModifySecurity"
"IPG_EMEA_RT_TIER0_LAYER";"EMEA.IPG.CORP/IPGRT-MI/Computers/Servers/Tier0";"true";"true";"Authenticated Users@GpoApply|Domain Admins@GpoEditDeleteModifySecurity|Enterprise Admins@GpoEditDeleteModifySecurity|ENTERPRISE DOMAIN CONTROLLERS@GpoRead|SYSTEM@GpoEditDeleteModifySecurity"
"IPG_EMEA_Laptops_Desktops_Bginfo";"EMEA.IPG.CORP/IPGL-BU/Computers/Laptops/IT";"true";"true";"DEPCL644$@GpoApply|DEPCL857$@GpoApply|DEPCL751$@GpoApply|DEPCL1016$@GpoApply|DEPCL939$@GpoApply|DEPCL1001$@GpoApply|DEPCL1020$@GpoApply|DEPCL656$@GpoApply|Domain Admins@GpoEditDeleteModifySecurity|Enterprise Admins@GpoEditDeleteModifySecurity|Authenticated Users@GpoRead|ENTERPRISE DOMAIN CONTROLLERS@GpoRead|SYSTEM@GpoEditDeleteModifySecurity"
